video_id,query_id,query_type,query_text,time_range,segment_ids,grounding_visual,grounding_audio,selected_captions
emostim_01_TheShining_clip_2,emostim_01_TheShining_clip_2_q001,emotion_state,When does the young boy appear frightened while holding a knife and facing a closed door?,"[15.0, 25.0]","s004,s005",A young boy stands in a dimly lit room; He holds a large knife in his right hand and a small red object in his left; He is facing a closed door,"A high-pitched, sustained electronic tone, similar to a dial tone or a test signal, is audible throughout the clip.","[s004] Visual: A young boy with shaggy blonde hair, wearing a red and green striped sweater, stands in a dimly lit room. He holds a large knife in his right hand and a small red object in his left, looking towards a bookshelf. The room contains a bookshelf, a television, and a lamp, with a closed door visible in the background. | Audio: A low, sustained, and ominous musical tone plays in the background, creating a suspenseful atmosphere.
[s005] Visual: A young boy with short, light-colored hair stands in a dimly lit room, seen from behind. He is wearing a red and green striped sweater and is holding a long, thin object, possibly a knife, in his right hand. He is facing a closed door, with a lit lamp on a side table to his left and a bookshelf to his right. | Audio: A high-pitched, sustained electronic tone, similar to a dial tone or a test signal, is audible throughout the clip."
emostim_02_WhenHarryMetSally_clip_1,emostim_02_WhenHarryMetSally_clip_1_q01,emotion_state,When does the woman appear surprised as the man speaks in a surprised tone?,"[40.0, 45.0]",s009,The woman ... is looking at the man and speaking.; The man ... speaking in a surprised tone.,"The woman speaks in a conversational tone, followed by the man speaking in a surprised tone.","[s009] Visual: A man and a woman are sitting at a table in a crowded restaurant. The man, wearing a plaid shirt, is eating a sandwich and looking at the woman. The woman, with blonde hair and wearing a dark sweater over a white collared shirt, is looking at the man and speaking. | Audio: The woman speaks in a conversational tone, followed by the man speaking in a surprised tone. The background is filled with the indistinct murmur of other people talking."
emostim_03_MrBeansHoliday_clip_4,emostim_03_MrBeansHoliday_clip_4_q01,emotion_state,When does the man in the brown suit and red tie appear happy while making a 'call me' gesture?,"[25.0, 30.0]",s006,He is smiling and looking directly at the camera.; makes a 'call me' gesture with his hand.,A rock song with a male vocalist singing in a high-pitched voice. The music is loud and energetic.,[s006] Visual: A man in a brown suit and red tie is riding a bicycle on a dirt road. He is smiling and looking directly at the camera. The background consists of a rural landscape with fields and a blue sky with some clouds. | Audio: A rock song with a male vocalist singing in a high-pitched voice. The music is loud and energetic.
emostim_04_28DaysLater_clip_6,emostim_04_28DaysLater_clip_6_q01,emotion_state,When does the young woman appear frightened as she looks around?,"[0.0, 5.0]",s001,"young woman with long, dark hair, seen in profile and then from the front, her face partially obscured by shadow; appears to be in a dimly lit room, looking around with a tense expression","A male voice shouts in distress; a loud, jarring electronic sound effect","[s001] Visual: The video opens with a shaky, dark shot of a person's hands and arms moving erratically. The camera then focuses on a young woman with long, dark hair, seen in profile and then from the front, her face partially obscured by shadow. She appears to be in a dimly lit room, looking around with a tense expression. | Audio: A male voice shouts in distress, followed by a loud, jarring electronic sound effect."
emostim_05_TheSilenceOfTheLambs_b_clip_1,emostim_05_TheSilenceOfTheLambs_b_clip_1_q01,emotion_state,"When does the woman with brown hair appear fearful, looking down with a pained expression?","[35.0, 45.0]","s008,s009","woman... looking up with a concerned expression; woman... looking down with a pained expression; She appears to be in distress, with her brow furrowed and eyes downcast.","A low, sustained, and ominous musical tone plays in the background, creating a suspenseful atmosphere.","[s008] Visual: A man in a dark suit, white shirt, and striped tie, wearing round glasses, looks forward with a serious expression. The camera then cuts to a woman with brown hair, seen from a low angle, looking up with a concerned expression. She appears to be in a dimly lit room with a plain wall behind her. | Audio: The audio is unclear, with no discernible speech or prominent background sounds.
[s009] Visual: A woman with brown hair is shown in a close-up, looking down with a pained expression. Her face is partially obscured by a blurry object in the foreground. She appears to be in distress, with her brow furrowed and eyes downcast. | Audio: A low, sustained, and ominous musical tone plays in the background, creating a suspenseful atmosphere."
emostim_06_TheChamp_clip_3,emostim_06_TheChamp_clip_3_q01,evidence_cue,When does the young child cry and sob with a distressed expression?,"[5.0, 15.0]","s002,s003","child is looking forward with a distressed expression, their mouth slightly open; child is visibly distressed, with their face contorted in crying","child is audibly crying and sobbing, with heavy, distressed breathing; child is audibly crying and whimpering, with sounds of distress and sobbing","[s002] Visual: A young child with blonde hair is being held by an adult whose hands are visible on the child's shoulders. The child is looking forward with a distressed expression, their mouth slightly open. The scene is dark, with only the subjects illuminated. | Audio: The child is audibly crying and sobbing, with heavy, distressed breathing.
[s003] Visual: A young child with blonde hair is being held by an adult in a dark environment. The child is visibly distressed, with their face contorted in crying and their hands gripping the adult's arms. The adult's hands are wrapped around the child's upper arms, providing support. | Audio: The child is audibly crying and whimpering, with sounds of distress and sobbing."
emostim_07_TheSilenceOfTheLambs_a_clip_2,emostim_07_TheSilenceOfTheLambs_a_clip_2_q01,emotion_state,When does the woman with dark hair appear frightened?,"[5.0, 12.76]","s002,s003","looking off to the side with a tense expression; mouth slightly open; head turns quickly to the right; red light flashing in the background; holds a handgun with both hands, aiming it forward; focused and tense expression","sudden, sharp metallic clang or impact sound; loud, sustained, low-frequency electronic tone, similar to a siren or alarm","[s002] Visual: A woman with dark hair, wearing a green cardigan with star patterns over a light-colored shirt, is seen in a dimly lit room with a brick wall. She is looking off to the side with a tense expression, her mouth slightly open as if in surprise or fear. Her head turns quickly to the right, and the scene ends with a red light flashing in the background. | Audio: The audio contains a low, continuous hum, possibly from machinery or an electrical source, and a sudden, sharp metallic clang or impact sound.
[s003] Visual: A woman with dark hair, wearing a dark green button-up shirt, is shown in a dimly lit, narrow corridor. She holds a handgun with both hands, aiming it forward with a focused and tense expression. The walls are made of old, peeling tiles, and the lighting casts long shadows across the scene. | Audio: The audio is dominated by a loud, sustained, low-frequency electronic tone, similar to a siren or alarm, which is continuous throughout the clip."
meld_01_dia337,meld_01_dia337_q01,emotion_state,When does the man in the blue shirt appear surprised?,"[55.0, 60.0]",s012,look of surprise and concern on his face,A male voice speaks with a tone of surprise and concern,"[s012] Visual: The scene takes place indoors, likely in a living room or hallway. Two men are having a conversation. The man on the left, wearing a pink and white plaid shirt, is facing the man on the right, who is wearing a blue and black plaid shirt over a white t-shirt. The man in the blue shirt turns his head sharply to his right, then back to the other man, with a look of surprise and concern on his face. | Audio: A male voice speaks with a tone of surprise and concern, followed by another male voice speaking with a calm, reassuring tone. The first voice then speaks again, sounding more urgent and anxious."
meld_02_dia224,meld_02_dia224_q01,emotion_state,When does the man in the blue shirt appear happy?,"[0.0, 5.0]",s001,"The man in the blue shirt is laughing heartily, leaning forward with his hands gesturing.","loud, sustained laughter from the other man.","[s001] Visual: A man in a red shirt sits on an orange couch, looking at another man in a blue shirt. The man in the blue shirt is laughing heartily, leaning forward with his hands gesturing. The background shows a bar setting with other people and tables. | Audio: A man asks a question, followed by loud, sustained laughter from the other man."
meld_03_dia572,meld_03_dia572_q01,emotion_state,When does the woman appear sad while looking down at her stomach with a pained expression?,"[5.0, 10.0]",s002,woman looking down at her stomach with a pained expression,,"[s002] Visual: A woman in a white hospital gown sits up in a hospital bed, looking down at her stomach with a pained expression. A man in a light-colored jacket sits beside her, looking at her with a concerned expression. The hospital room is equipped with medical monitors and an IV stand. | Audio: A woman is speaking, followed by a loud, sustained electronic tone."
meld_04_dia362,meld_04_dia362_q01,emotion_state,When does the woman in the hospital bed appear sad while crying?,"[0.0, 10.0]","s001,s002","woman looking distressed; woman visibly distressed and crying; woman raises her hand to her face, wiping her eyes","woman speaking in a strained, emotional tone; woman is crying and speaking in a distressed, high-pitched voice","[s001] Visual: A woman with brown hair lies in a hospital bed, wearing a white gown and looking distressed. A man in a light-colored jacket stands beside her, leaning over and speaking to her. The woman holds a white cloth to her head, and the man places his hand on her shoulder. | Audio: The woman is speaking in a strained, emotional tone, and the man is speaking in a concerned tone. There is a low hum in the background, possibly from medical equipment.
[s002] Visual: A woman in a white hospital gown lies in a hospital bed, visibly distressed and crying. A man in a light-colored shirt leans over her, looking down at her with a concerned expression. The woman raises her hand to her face, wiping her eyes. | Audio: The woman is crying and speaking in a distressed, high-pitched voice. The man speaks to her in a calm, reassuring tone."
meld_05_dia980,meld_05_dia980_q01,emotion_state,When does the man in the gray sweater appear frustrated while speaking?,"[5.0, 10.0]",s002,holds a small white card; gestures with his hands while speaking,A man speaks in a questioning and slightly exasperated tone.,"[s002] Visual: The man in the gray sweater holds a small white card and gestures with his hands while speaking. The man in the black jacket sits across from him, listening intently. A red plastic cup sits on the table between them. | Audio: A man speaks in a questioning and slightly exasperated tone. The audience laughs in the background."
meld_06_dia823,meld_06_dia823_q01,emotion_state,When does the blonde woman in the patterned shirt appear happy as she enters the room and speaks?,"[0.0, 10.0]","s001,s002",smiling; expression pleased; animated expression; gestures with her hands,"speaks in a cheerful tone; voice is clear and friendly; speaking in a conversational tone, with a slight upward inflection at the end of her sentences","[s001] Visual: A blonde woman in a patterned shirt and black pants walks into a living room, smiling and holding a purple jacket. She stops and turns to speak to someone off-screen, her expression pleased. In the background, other people are visible sitting on a couch and standing near a kitchen area. | Audio: A woman speaks in a cheerful tone, followed by a man's voice. The woman's voice is clear and friendly, and the man's voice is also audible.
[s002] Visual: A woman with long blonde hair, wearing a patterned blouse, stands in a room and gestures with her hands as she speaks. She is positioned in front of a wooden dresser with a television on top. Her expression is animated as she talks. | Audio: The woman is speaking in a conversational tone, with a slight upward inflection at the end of her sentences. The audio is clear and easy to understand."
meld_07_dia208,meld_07_dia208_q01,emotion_state,When does the man in the black sweater appear happy while looking at the man in the red plaid shirt?,"[5.0, 10.0]",s002,smiling slightly as he looks at the other man,,"[s002] Visual: The man in the red plaid shirt sits with his arms crossed, looking down and then to his right with a pensive expression. The man in the black sweater sits beside him, resting his chin on his hand and smiling slightly as he looks at the other man. They are seated at a small round table with two mugs and a sugar bowl between them, in what appears to be a cafe or bar setting. | Audio: A male voice speaks in a conversational tone, followed by a loud, sustained, low-pitched electronic buzz."
moviechat_01_162,moviechat_01_162_q02,evidence_cue,"When does the man in the dark suit look down with a somber expression, showing sadness?","[40.0, 45.0]",s009,"A man in a dark suit and striped tie is shown in a close-up, looking down with a somber expression.","The audio consists of a low, continuous hum, possibly from a vehicle or machinery, with no other discernible sounds.","[s009] Visual: A man in a dark suit and striped tie is shown in a close-up, looking down with a somber expression. The background is blurred, suggesting an outdoor setting with indistinct shapes and lights. The camera slowly pans to the right, revealing the side of a car and more of the out-of-focus background. | Audio: The audio consists of a low, continuous hum, possibly from a vehicle or machinery, with no other discernible sounds."
moviechat_02_154,moviechat_02_154_q12,evidence_cue,"What moment shows two men walking towards a luxury sedan at night on a wet street, with rhythmic footsteps and an ambient hum, contributing to a sense of fear?","[55.0, 60.0]",s012,"Two men in dark suits walk side-by-side on a wet, reflective pavement at night.; The man on the left carries a briefcase.","The rhythmic sound of footsteps on pavement is heard, accompanied by a low, ambient hum.","[s012] Visual: Two men in dark suits walk side-by-side on a wet, reflective pavement at night. The man on the left carries a briefcase. They walk towards a parked dark-colored luxury sedan in a city street, with tall buildings and streetlights in the background. | Audio: The rhythmic sound of footsteps on pavement is heard, accompanied by a low, ambient hum."
moviechat_03_160,moviechat_03_160_q01,emotion_state,When does the man in the light-colored shirt appear frustrated?,"[0.0, 5.0]",s001,raising his hands to his head in a gesture of frustration or stress,"A rhythmic, percussive beat plays in the background, creating a tense atmosphere.","[s001] Visual: A man in a light-colored shirt sits in a dimly lit room, looking down at a laptop. Another person is visible in the background, out of focus. The man then looks up, his expression serious, before raising his hands to his head in a gesture of frustration or stress. | Audio: A rhythmic, percussive beat plays in the background, creating a tense atmosphere."
moviechat_04_159,moviechat_04_159_q01,emotion_state,When does the man with short dark hair and a goatee appear sad while lighting a cigarette?,"[0.0, 5.0]",s001,looks down with a somber expression,distinct sound of a lighter being flicked and a cigarette being lit,"[s001] Visual: A man with short dark hair and a goatee, wearing a dark jacket, looks down with a somber expression. He brings a cigarette to his lips and lights it with a lighter held by another man in a suit and glasses. The second man, partially visible, holds the lighter, illuminating the first man's face in the dark setting. | Audio: A male voice speaks in Mandarin, followed by the distinct sound of a lighter being flicked and a cigarette being lit."
moviechat_05_30,moviechat_05_30_q01,explicit_event,"When does the man in the black robe appear to be shouting or casting a spell, accompanied by a loud, distorted scream?","[20.0, 25.0]",s005,"man with a pale, gaunt face and dark, hollow eyes, wearing a black robe, raises his right arm, holding a wand, appears to be shouting or casting a spell; intense expression","loud, distorted scream; deep, rumbling sound effect","[s005] Visual: A man with a pale, gaunt face and dark, hollow eyes, wearing a black robe, is shown in a close-up. He raises his right arm, holding a wand, and appears to be shouting or casting a spell. The scene is dark and atmospheric, with a focus on the man's intense expression and the raised wand. | Audio: A loud, distorted scream is heard, followed by a deep, rumbling sound effect."
emostim_01_TheShining_clip_2,emostim_01_TheShining_clip_2_q006,explicit_event,"When does the man angrily swing an axe at the door, making loud crashing sounds?","[85.0, 95.0]","s018,s019","A man in a red robe swings an axe at a door, then runs down a hallway.; A man with long hair and a beard, wearing a red jacket, swings an axe at a door.","A loud crash is heard, followed by a man shouting and a woman screaming.; The sound of an axe hitting wood is heard, followed by a loud crash.","[s018] Visual: A man in a red robe swings an axe at a door, then runs down a hallway. A woman in a blue robe holds a child in a bedroom, looking back at the door with a worried expression. The man in the red robe is seen again, running down the hallway. | Audio: A loud crash is heard, followed by a man shouting and a woman screaming.
[s019] Visual: A man with long hair and a beard, wearing a red jacket, swings an axe at a door. The scene cuts to a woman in a blue robe holding a child, who then turns and runs away from the door. The woman appears distressed and is moving quickly through a room. | Audio: The sound of an axe hitting wood is heard, followed by a loud crash. The woman's distressed vocalizations are audible as she runs."
emostim_02_WhenHarryMetSally_clip_1,emostim_02_WhenHarryMetSally_clip_1_q06,evidence_cue,"When does the woman groan repeatedly with her head tilted back and eyes closed, indicating sadness?","[100.0, 105.0]",s021,"Her eyes closed and her head tilted back, then brings her hand to her forehead.","A woman sighs and groans repeatedly, indicating discomfort or exasperation.","[s021] Visual: A man with dark hair and a beard, wearing a striped sweater, sits at a table in a restaurant, looking at a woman with blonde, voluminous hair. The woman, wearing a white shirt and dark cardigan, has her eyes closed and her head tilted back, then brings her hand to her forehead. Other people are visible in the background, out of focus. | Audio: A woman sighs and groans repeatedly, indicating discomfort or exasperation."
emostim_04_28DaysLater_clip_6,emostim_04_28DaysLater_clip_6_q02,evidence_cue,"When does a man in a dark outfit exhibit panic or urgency through his quick movements and tense demeanor, suggesting fear?","[5.0, 10.0]",s002,"A man in a dark, hooded outfit and dark pants is seen in a dimly lit room; moving quickly, appearing to be in a state of panic or urgency; holding a small object in his hand","A low, ominous musical score that creates a tense atmosphere","[s002] Visual: A man in a dark, hooded outfit and dark pants is seen in a dimly lit room with a checkered floor. He is moving quickly, appearing to be in a state of panic or urgency, and is holding a small object in his hand. The room has a bed with white sheets and a window in the background. | Audio: The audio contains a low, ominous musical score that creates a tense atmosphere. There are no other discernible sounds such as speech or environmental noises."
emostim_05_TheSilenceOfTheLambs_b_clip_1,emostim_05_TheSilenceOfTheLambs_b_clip_1_q02,evidence_cue,"When does the woman with long brown hair look around with a concerned expression and darting eyes, showing fear?","[50.0, 55.0]",s011,"woman... looking around with a concerned expression, her eyes darting from side to side.","A woman speaks in a hushed, urgent tone, followed by a low, sustained musical note.","[s011] Visual: A woman with long brown hair is seen from a low angle, her face partially obscured by a horizontal object in the foreground. She looks around with a concerned expression, her eyes darting from side to side. The background is a dimly lit, indistinct room. | Audio: A woman speaks in a hushed, urgent tone, followed by a low, sustained musical note."
emostim_06_TheChamp_clip_3,emostim_06_TheChamp_clip_3_q02,emotion_state,When does the young child appear sad while wailing?,"[15.0, 55.0]","s004,s005,s006,s007,s008,s009,s010,s011","young boy is shown in a close-up; He is crying, with tears on his face and his mouth open as if wailing; He is wearing a grey shirt and appears to be in distress; young boy is shown in a close-up, his face wet with tears; His expression is one of distress and he is crying; his face contorted in distress as he cries","the boy's loud, distressed crying and wailing; The boy is audibly crying and whimpering, with his voice breaking as he speaks; The audio contains the sound of a child crying and whimpering, indicating distress; sound of a child crying, with audible sobs and whimpers; The crying is the dominant sound, indicating a state of distress","[s004] Visual: A young boy with blonde hair, wearing a grey shirt, is shown in a close-up. He is crying, with tears on his face and his mouth open as if wailing. An adult's hand is visible on his shoulder, and the background is dark. | Audio: The audio consists of the boy's loud, distressed crying and wailing.
[s005] Visual: A young boy with blonde hair, wearing a grey shirt, is shown in a close-up. He is holding a small, dark object in his hands and looking down at it intently. His hands are moving slightly as he examines the object. | Audio: The audio contains the sound of a child speaking, but the words are unclear and muffled.
[s006] Visual: A young boy with blonde hair is shown in a close-up, crying with tears on his face. He is wearing a grey shirt and appears to be in distress. An adult's hand is visible, gently touching the boy's head and shoulder in a comforting gesture. | Audio: The boy is audibly crying and whimpering, with his voice breaking as he speaks. The audio is clear, capturing the emotional distress in his voice.
[s007] Visual: A young boy with blonde hair, wearing a grey shirt, is shown in a close-up. He is crying, with tears on his face, and appears to be in distress. An adult's hands are visible, holding the boy's hands and a black object, possibly a phone or camera. | Audio: The audio contains the sound of a child crying and whimpering, indicating distress.
[s008] Visual: A young boy with blonde hair is shown in a close-up, his face wet with tears. He is looking down at his hands, which are covered in a red substance resembling blood. His expression is one of distress and he appears to be crying. | Audio: A child's voice is heard shouting urgently, followed by a loud, sustained electronic tone.
[s009] Visual: A young boy with blonde hair is shown in a close-up, his face contorted in distress as he cries. He is holding a hand that has a visible wound with blood on it. The background is dark, focusing all attention on the boy and the injured hand. | Audio: The audio contains the sound of a child crying, with audible sobs and whimpers. The crying is the dominant sound, indicating a state of distress.
[s010] Visual: A young boy with blonde hair, wearing a grey shirt, is shown in a close-up. He is leaning over another person, whose hands are visible in the foreground. The boy's face is contorted as he appears to be crying or shouting. | Audio: A child's voice shouts loudly, followed by a long, sustained electronic tone.
[s011] Visual: A young boy with short, light-colored hair is shown in a close-up, crying and leaning over an older man. The older man, with thinning hair and a weary expression, is sitting and looking down. The boy's hand is resting on the older man's shoulder in a comforting gesture. | Audio: A child's voice is heard speaking in a distressed tone, followed by a loud, sustained electronic buzzer sound."
emostim_07_TheSilenceOfTheLambs_a_clip_2,emostim_07_TheSilenceOfTheLambs_a_clip_2_q02,evidence_cue,When does the woman with dark hair show fear by looking off to the side with a tense expression and a mouth slightly open?,"[5.0, 10.0]",s002,looking off to the side with a tense expression; mouth slightly open; head turns quickly to the right,"sudden, sharp metallic clang or impact sound","[s002] Visual: A woman with dark hair, wearing a green cardigan with star patterns over a light-colored shirt, is seen in a dimly lit room with a brick wall. She is looking off to the side with a tense expression, her mouth slightly open as if in surprise or fear. Her head turns quickly to the right, and the scene ends with a red light flashing in the background. | Audio: The audio contains a low, continuous hum, possibly from machinery or an electrical source, and a sudden, sharp metallic clang or impact sound."
meld_01_dia337,meld_01_dia337_q02,evidence_cue,When does the man in the blue shirt turn his head sharply and speak with a tone of surprise and concern?,"[55.0, 60.0]",s012,"turns his head sharply to his right, then back to the other man",A male voice speaks with a tone of surprise and concern,"[s012] Visual: The scene takes place indoors, likely in a living room or hallway. Two men are having a conversation. The man on the left, wearing a pink and white plaid shirt, is facing the man on the right, who is wearing a blue and black plaid shirt over a white t-shirt. The man in the blue shirt turns his head sharply to his right, then back to the other man, with a look of surprise and concern on his face. | Audio: A male voice speaks with a tone of surprise and concern, followed by another male voice speaking with a calm, reassuring tone. The first voice then speaks again, sounding more urgent and anxious."
meld_02_dia224,meld_02_dia224_q02,evidence_cue,"When does the man in the blue shirt laugh heartily, leaning forward with his hands gesturing, showing happiness?","[0.0, 5.0]",s001,"The man in the blue shirt is laughing heartily, leaning forward with his hands gesturing.","loud, sustained laughter from the other man.","[s001] Visual: A man in a red shirt sits on an orange couch, looking at another man in a blue shirt. The man in the blue shirt is laughing heartily, leaning forward with his hands gesturing. The background shows a bar setting with other people and tables. | Audio: A man asks a question, followed by loud, sustained laughter from the other man."
meld_03_dia572,meld_03_dia572_q03,emotion_state,"At what point does the woman appear sad, visibly distressed and clutching her stomach?","[20.0, 25.0]",s005,"woman visibly in distress, clutching her stomach and looking up at the man with a pained expression",A woman's voice is heard speaking in a strained and pained tone,"[s005] Visual: A man in a blue and white plaid shirt stands with his arms outstretched, looking down at a woman lying in a hospital bed. The woman, wearing a light-colored hospital gown, is visibly in distress, clutching her stomach and looking up at the man with a pained expression. A brown leather bag rests on the bed beside her. | Audio: A woman's voice is heard speaking in a strained and pained tone, followed by a man's voice speaking in a calm, explanatory tone."
meld_04_dia362,meld_04_dia362_q02,evidence_cue,"When does the woman in the hospital gown speak in a strained, emotional tone, showing sadness?","[0.0, 10.0]","s001,s002",woman looking distressed,"woman speaking in a strained, emotional tone","[s001] Visual: A woman with brown hair lies in a hospital bed, wearing a white gown and looking distressed. A man in a light-colored jacket stands beside her, leaning over and speaking to her. The woman holds a white cloth to her head, and the man places his hand on her shoulder. | Audio: The woman is speaking in a strained, emotional tone, and the man is speaking in a concerned tone. There is a low hum in the background, possibly from medical equipment.
[s002] Visual: A woman in a white hospital gown lies in a hospital bed, visibly distressed and crying. A man in a light-colored shirt leans over her, looking down at her with a concerned expression. The woman raises her hand to her face, wiping her eyes. | Audio: The woman is crying and speaking in a distressed, high-pitched voice. The man speaks to her in a calm, reassuring tone."
meld_05_dia980,meld_05_dia980_q02,evidence_cue,"When does the man in the gray sweater speak with a questioning and exasperated tone, showing frustration?","[5.0, 10.0]",s002,gestures with his hands while speaking,A man speaks in a questioning and slightly exasperated tone.,"[s002] Visual: The man in the gray sweater holds a small white card and gestures with his hands while speaking. The man in the black jacket sits across from him, listening intently. A red plastic cup sits on the table between them. | Audio: A man speaks in a questioning and slightly exasperated tone. The audience laughs in the background."
meld_06_dia823,meld_06_dia823_q02,evidence_cue,How does the woman with brown hair show disappointment with her serious expression and hand gestures while speaking firmly?,"[10.0, 20.0]","s003,s004",sitting on a striped couch and talking with her hands; her expression serious; gaze directed off-camera,"speaks in a firm, insistent tone; delivering a short, direct statement","[s003] Visual: A woman with blonde hair, wearing a black and floral patterned short-sleeve top, stands in a room with a wooden dresser and a television in the background. She is talking and gesturing with her hands, then turns her head to her right. The scene cuts to a different woman with brown hair, wearing a light blue spaghetti strap top, sitting on a striped couch and talking with her hands. | Audio: A woman is speaking, followed by a loud, sustained, low-pitched electronic tone.
[s004] Visual: A woman with brown hair in a messy bun sits on a light-colored armchair, wearing a light blue spaghetti strap dress and a silver necklace. She gestures with her hands while speaking, her expression serious and her gaze directed off-camera. The background shows a cluttered living room with a pink tufted chair and various items on a shelf. | Audio: A woman speaks in a firm, insistent tone, delivering a short, direct statement. The audio is clear and focused on her voice."
meld_07_dia208,meld_07_dia208_q02,evidence_cue,When does the man in the black sweater show happiness with a slight smile while looking at the man in the red plaid shirt?,"[5.0, 10.0]",s002,smiling slightly as he looks at the other man,,"[s002] Visual: The man in the red plaid shirt sits with his arms crossed, looking down and then to his right with a pensive expression. The man in the black sweater sits beside him, resting his chin on his hand and smiling slightly as he looks at the other man. They are seated at a small round table with two mugs and a sugar bowl between them, in what appears to be a cafe or bar setting. | Audio: A male voice speaks in a conversational tone, followed by a loud, sustained, low-pitched electronic buzz."
moviechat_01_162,moviechat_01_162_q03,emotion_state,"When does the driver appear weary and sad, resting his head in his hand?","[80.0, 85.0]",s017,"The camera then cuts to a close-up of the driver, a man with dark hair and stubble, who is resting his head in his hand, appearing weary or stressed.; He is wearing a dark shirt, and his eyes are closed or looking down.","A male voice speaks in Mandarin Chinese, sounding calm and conversational.; The background is filled with the low rumble of the car's engine and the sound of tires on the road.","[s017] Visual: The video shows the interior of a moving car, with the driver and a passenger visible as silhouettes against the bright, tree-lined road ahead. The camera then cuts to a close-up of the driver, a man with dark hair and stubble, who is resting his head in his hand, appearing weary or stressed. He is wearing a dark shirt, and his eyes are closed or looking down. | Audio: A male voice speaks in Mandarin Chinese, sounding calm and conversational. The background is filled with the low rumble of the car's engine and the sound of tires on the road."
moviechat_02_154,moviechat_02_154_q21,evidence_cue,"What moment shows a man intently looking to the right in a dark scene with a distorted, echoing sound, possibly a siren, indicating fear?","[100.0, 105.0]",s021,"A man wearing glasses and a light-colored suit stands in the foreground, looking intently towards the right side of the frame.; Behind him, another man with longer hair is partially visible, also looking in the same direction.","A loud, distorted, and echoing sound, possibly a siren or alarm, is heard throughout the clip.","[s021] Visual: A man wearing glasses and a light-colored suit stands in the foreground, looking intently towards the right side of the frame. Behind him, another man with longer hair is partially visible, also looking in the same direction. The scene is dark, illuminated by a greenish light in the background, suggesting a nighttime setting. | Audio: A loud, distorted, and echoing sound, possibly a siren or alarm, is heard throughout the clip."
moviechat_03_160,moviechat_03_160_q02,evidence_cue,"When does the man in the light-colored shirt raise his hands to his head, showing frustration?","[0.0, 5.0]",s001,raising his hands to his head in a gesture of frustration or stress,"A rhythmic, percussive beat plays in the background, creating a tense atmosphere.","[s001] Visual: A man in a light-colored shirt sits in a dimly lit room, looking down at a laptop. Another person is visible in the background, out of focus. The man then looks up, his expression serious, before raising his hands to his head in a gesture of frustration or stress. | Audio: A rhythmic, percussive beat plays in the background, creating a tense atmosphere."
moviechat_04_159,moviechat_04_159_q03,emotion_state,At what point does the woman in the white shirt look surprised while looking at a laptop?,"[115.0, 120.0]",s024,looking at a laptop with a surprised expression,,"[s024] Visual: The video opens with a close-up of a dark, textured surface, possibly a piece of fabric or a bag, with a white string or thread visible. The scene then cuts to a woman in a white shirt and blue lanyard sitting at a desk, looking at a laptop with a surprised expression. A man in a light-colored shirt and tie is then shown in a similar office setting, looking down and then up with a serious expression. | Audio: A female voice speaks in Mandarin Chinese, followed by a male voice also speaking in Mandarin Chinese. The audio quality is clear and the speech is easily understandable."
moviechat_05_30,moviechat_05_30_q02,emotion_state,When does the man in the black robe exhibit frustration?,"[20.0, 25.0]",s005,"man with a pale, gaunt face and dark, hollow eyes, wearing a black robe, raises his right arm, holding a wand, appears to be shouting or casting a spell; intense expression","loud, distorted scream; deep, rumbling sound effect","[s005] Visual: A man with a pale, gaunt face and dark, hollow eyes, wearing a black robe, is shown in a close-up. He raises his right arm, holding a wand, and appears to be shouting or casting a spell. The scene is dark and atmospheric, with a focus on the man's intense expression and the raised wand. | Audio: A loud, distorted scream is heard, followed by a deep, rumbling sound effect."
emostim_01_TheShining_clip_2,emostim_01_TheShining_clip_2_q007,evidence_cue,"When does the woman, tense with effort, struggle to open a door while holding a knife, showing fear?","[100.0, 105.0]",s021,"A woman with long black hair, wearing a blue robe, is seen from behind, struggling to open a white door while holding a large knife.; A young child with blonde hair, wrapped in a red and green striped blanket, clings to her back.; The woman uses the knife to pry at the door handle, her body tense with effort.","A loud, sustained, high-pitched electronic tone, similar to a siren or alarm, is audible throughout the clip.","[s021] Visual: A woman with long black hair, wearing a blue robe, is seen from behind, struggling to open a white door while holding a large knife. A young child with blonde hair, wrapped in a red and green striped blanket, clings to her back. The woman uses the knife to pry at the door handle, her body tense with effort. | Audio: A loud, sustained, high-pitched electronic tone, similar to a siren or alarm, is audible throughout the clip."
emostim_02_WhenHarryMetSally_clip_1,emostim_02_WhenHarryMetSally_clip_1_q07,evidence_cue,"When does the woman groan in pain with her head tilted back and eyes closed, showing sadness?","[105.0, 110.0]",s022,"tilting her head back with her eyes closed and hand on her jaw, as if in pain.","A woman groans in pain, followed by a man speaking in a low, pained voice.","[s022] Visual: A woman with blonde, curly hair is shown in a close-up, tilting her head back with her eyes closed and hand on her jaw, as if in pain. The scene then cuts to a man with dark hair and a beard, wearing a patterned sweater, who looks down and then to the side with a pained expression. Both are in what appears to be a crowded restaurant or diner. | Audio: A woman groans in pain, followed by a man speaking in a low, pained voice."
emostim_04_28DaysLater_clip_6,emostim_04_28DaysLater_clip_6_q08,emotion_state,At what point does the shirtless man appear sad or in distress as he stumbles and collapses with a chest wound?,"[45.0, 50.0]",s010,"A shirtless man with a bloody wound on his chest is seen in a dimly lit, ornate hallway; He stumbles forward, clutching his chest, and then collapses to the floor; the man's movements suggesting severe pain and distress","The audio is dominated by a loud, sustained, low-frequency electronic tone, creating a sense of tension and unease.","[s010] Visual: A shirtless man with a bloody wound on his chest is seen in a dimly lit, ornate hallway. He stumbles forward, clutching his chest, and then collapses to the floor. The scene is tense and dramatic, with the man's movements suggesting severe pain and distress. | Audio: The audio is dominated by a loud, sustained, low-frequency electronic tone, creating a sense of tension and unease."
emostim_05_TheSilenceOfTheLambs_b_clip_1,emostim_05_TheSilenceOfTheLambs_b_clip_1_q04,emotion_state,"When does the woman with brown hair and blue eyes show fear, looking upwards with a concerned expression and then shifting to worry or sadness?","[80.0, 85.0]",s017,"woman... looking upwards with a concerned expression.; her expression shifting to one of worry or sadness.; a close-up of a person's arm and hand, which are covered in a dark, slimy substance and appear to be in distress.","A person is heard speaking in a hushed, urgent tone, followed by a loud, sustained electronic tone.","[s017] Visual: A woman with brown hair and blue eyes is shown in a close-up, looking upwards with a concerned expression. She then turns her head to the side, her expression shifting to one of worry or sadness. The scene cuts to a close-up of a person's arm and hand, which are covered in a dark, slimy substance and appear to be in distress. | Audio: A person is heard speaking in a hushed, urgent tone, followed by a loud, sustained electronic tone."
emostim_06_TheChamp_clip_3,emostim_06_TheChamp_clip_3_q03,evidence_cue,When does the young boy exhibit distress by wailing with tears on his face?,"[15.0, 20.0]",s004,"young boy is shown in a close-up; He is crying, with tears on his face and his mouth open as if wailing","the boy's loud, distressed crying and wailing","[s004] Visual: A young boy with blonde hair, wearing a grey shirt, is shown in a close-up. He is crying, with tears on his face and his mouth open as if wailing. An adult's hand is visible on his shoulder, and the background is dark. | Audio: The audio consists of the boy's loud, distressed crying and wailing."
meld_01_dia337,meld_01_dia337_q03,emotion_state,When does the man in the pink shirt look surprised?,"[65.0, 67.9]",s014,looks up and to his left with a surprised expression,,"[s014] Visual: The man in the pink plaid shirt looks at his watch and then at the man in the blue plaid shirt, who is turned towards him. The man in the pink shirt then looks up and to his left with a surprised expression. The man in the blue shirt is mostly seen from the back and side. | Audio: A male voice speaks, followed by a short, high-pitched electronic beep."
meld_02_dia224,meld_02_dia224_q03,emotion_state,When does the man in the light blue polo shirt appear happy?,"[5.0, 10.0]",s002,"A man in a light blue polo shirt sits on a brown couch, laughing heartily with his head tilted back and eyes closed.; He extends his right hand forward in a gesture of greeting or excitement.",the sound of a person laughing.,"[s002] Visual: A man in a light blue polo shirt sits on a brown couch, laughing heartily with his head tilted back and eyes closed. He extends his right hand forward in a gesture of greeting or excitement. The background shows a casual indoor setting with other people and furniture, suggesting a social gathering. | Audio: A male voice is heard speaking, followed by the sound of a person laughing."
meld_03_dia572,meld_03_dia572_q04,evidence_cue,"When does the woman speak in an agitated tone, showing frustration?","[25.0, 30.0]",s006,,A woman speaks in an agitated tone,"[s006] Visual: A man in a blue plaid shirt stands beside a hospital bed, holding a brown leather bag. A woman with dark hair lies in the bed, wearing a hospital gown and looking at the man. The man gestures with his hand as he speaks to her. | Audio: A woman speaks in an agitated tone, followed by a man's voice."
meld_04_dia362,meld_04_dia362_q03,emotion_state,When does the woman in the hospital bed seem disappointed with a pained expression?,"[10.0, 20.0]","s003,s004",woman with her eyes closed and a pained expression; man placing his hand on her stomach; woman looks up at him with a pained expression,"loud, sustained electronic beep, likely from a medical monitor","[s003] Visual: A woman lies in a hospital bed, wearing a white gown, with her eyes closed and a pained expression. A man in a light-colored jacket leans over her, looking down with a concerned expression and placing his hand on her stomach. The scene is set in a hospital room with medical equipment visible in the background. | Audio: A man speaks in a calm, reassuring tone, followed by a loud, sustained electronic beep, likely from a medical monitor.
[s004] Visual: A man in a light-colored jacket leans over a woman lying in a hospital bed. The woman, wearing a white hospital gown, looks up at him with a pained expression. The man gently places his hand on her stomach as he speaks to her. | Audio: A man speaks in a concerned tone, followed by a loud, sustained electronic beep."
meld_06_dia823,meld_06_dia823_q03,explicit_event,When does the woman holding a small black object smile happily towards someone off-screen?,"[20.0, 25.0]",s005,pulls a small black object from a colorful bag; holds the object up; smiles; looking towards someone off-screen,speaks in a conversational tone,"[s005] Visual: A woman with long blonde hair, wearing a patterned blouse, sits and pulls a small black object from a colorful bag. She holds the object up and smiles while looking towards someone off-screen. In the background, a man in a dark shirt and a woman in a white shirt are sitting on a couch. | Audio: A woman speaks in a conversational tone, followed by a man speaking in a similar tone. The audio is clear and the speech is easily understandable."
meld_07_dia208,meld_07_dia208_q03,explicit_event,When does the woman with curly dark hair enthusiastically urge someone to try the cake while pointing at it?,"[20.0, 25.0]",s005,pointing at a piece of cake on a white plate,speaks with an enthusiastic and persuasive tone,"[s005] Visual: The scene is set in a cozy living room with a brown couch. A woman with curly dark hair, wearing a blue long-sleeved shirt and jeans, sits on the left, pointing at a piece of cake on a white plate held by a man in a beige turtleneck sweater. A woman with long blonde hair, wearing a red long-sleeved shirt and dark pants, sits on the right, looking at the cake with a neutral expression. | Audio: A woman speaks with an enthusiastic and persuasive tone, urging someone to try the cake. The audio is clear and the speech is easily understandable."
moviechat_01_162,moviechat_01_162_q04,evidence_cue,"When does the man with dark hair rest his hand on his forehead and look down with a weary expression, conveying sadness?","[85.0, 90.0]",s018,"A man with dark hair and a mustache sits in the driver's seat of a car, his right hand resting on his forehead.; He looks down and to his right with a weary expression.","A male voice speaks in a low, weary tone.","[s018] Visual: A man with dark hair and a mustache sits in the driver's seat of a car, his right hand resting on his forehead. He is wearing a black shirt and has a white bandage on his right forearm. He looks down and to his right with a weary expression. | Audio: A male voice speaks in a low, weary tone."
moviechat_02_154,moviechat_02_154_q24,evidence_cue,"When does the young man with dark hair look down and then forward with a serious expression, while a low, continuous hum is audible, suggesting fear?","[115.0, 120.0]",s024,"A young man with dark, styled hair and a silver earring is shown in a medium close-up.; He looks down and to his right, then slowly lifts his gaze to look forward and slightly to his left.","A low, continuous hum is audible in the background, possibly from machinery or an appliance.","[s024] Visual: A young man with dark, styled hair and a silver earring is shown in a medium close-up. He is wearing a black leather jacket over a red shirt and a silver chain necklace. He looks down and to his right, then slowly lifts his gaze to look forward and slightly to his left. | Audio: A low, continuous hum is audible in the background, possibly from machinery or an appliance."
moviechat_03_160,moviechat_03_160_q03,emotion_state,When does the man with the shaved head look up with surprise?,"[215.0, 220.0]",s044,another man with a shaved head stands beside him in the darkness.; looking up with a surprised expression,"A loud, sustained, low-pitched electronic tone plays throughout the clip. A male voice shouts a single, high-pitched word.","[s044] Visual: In a dark, outdoor setting at night, a man in a dark jacket is seen from the side, holding a small, dark object up to his eye, as if looking through it. The scene cuts to a wider view of a dark road next to a body of water, where a black car with its red taillights on is parked, and a few indistinct figures are near it. The final shot shows a man in a dark jacket looking up with a surprised expression, while another man with a shaved head stands beside him in the darkness. | Audio: A loud, sustained, low-pitched electronic tone plays throughout the clip. A male voice shouts a single, high-pitched word."
moviechat_04_159,moviechat_04_159_q04,evidence_cue,"When does the woman in the white shirt widen her eyes while looking at a laptop, showing surprise?","[115.0, 120.0]",s024,looking at a laptop with a surprised expression,,"[s024] Visual: The video opens with a close-up of a dark, textured surface, possibly a piece of fabric or a bag, with a white string or thread visible. The scene then cuts to a woman in a white shirt and blue lanyard sitting at a desk, looking at a laptop with a surprised expression. A man in a light-colored shirt and tie is then shown in a similar office setting, looking down and then up with a serious expression. | Audio: A female voice speaks in Mandarin Chinese, followed by a male voice also speaking in Mandarin Chinese. The audio quality is clear and the speech is easily understandable."
moviechat_05_30,moviechat_05_30_q04,emotion_state,When do the group of people in dark clothing show fear while running frantically?,"[115.0, 120.0]",s024,"group of people in dark clothing are running frantically across a wooden bridge at night; faces showing urgency and fear; fiery explosion on the left side, sending debris into the air","loud, chaotic explosion; sounds of people running and shouting in panic","[s024] Visual: A group of people in dark clothing are running frantically across a wooden bridge at night. The bridge is illuminated by a bright, fiery explosion on the left side, sending debris into the air. The camera follows the group as they move quickly, their faces showing urgency and fear. | Audio: The audio features a loud, chaotic explosion followed by the sounds of people running and shouting in panic."
emostim_01_TheShining_clip_2,emostim_01_TheShining_clip_2_q008,emotion_state,"When does the woman appear frightened, looking out a frosted window with a shocked expression amidst panicked breathing?","[105.0, 110.0]",s022,"A woman in a blue robe runs into a bathroom, followed by a young child.; The woman pushes the child behind her and looks out a frosted window.",The sound of a door being broken down is followed by a woman's panicked breathing and a child's whimpering.,"[s022] Visual: A man in a red shirt swings an axe at a door, breaking it open. A woman in a blue robe runs into a bathroom, followed by a young child. The woman pushes the child behind her and looks out a frosted window. | Audio: The sound of a door being broken down is followed by a woman's panicked breathing and a child's whimpering."
emostim_02_WhenHarryMetSally_clip_1,emostim_02_WhenHarryMetSally_clip_1_q08,evidence_cue,When does the woman's head tilt back and mouth open as if exclaiming with excitement?,"[115.0, 120.0]",s024,"Her head is tilted back, her eyes are closed, and her mouth is open as if she is singing or exclaiming.","The woman is audibly gasping and groaning, with sounds of exertion and distress.","[s024] Visual: A woman with blonde, curly hair, wearing a white collared shirt and a dark cardigan, is shown in a close-up. She is in a classroom setting, with a man in a blue shirt and a black baseball cap visible behind her. Her head is tilted back, her eyes are closed, and her mouth is open as if she is singing or exclaiming. | Audio: The woman is audibly gasping and groaning, with sounds of exertion and distress. The audio is clear and focused on her vocalizations."
emostim_05_TheSilenceOfTheLambs_b_clip_1,emostim_05_TheSilenceOfTheLambs_b_clip_1_q05,evidence_cue,"When does the woman with brown hair and blue eyes look to the side with a concerned expression and slightly open mouth, signaling fear?","[90.0, 95.0]",s019,"woman... looking off to the side with a concerned expression, her mouth slightly open as if speaking.","A woman speaks in a concerned tone, followed by a man speaking in a calm tone.","[s019] Visual: A woman with brown hair and blue eyes is shown in a close-up. She is looking off to the side with a concerned expression, her mouth slightly open as if speaking. She is wearing a dark-colored top. | Audio: A woman speaks in a concerned tone, followed by a man speaking in a calm tone."
emostim_06_TheChamp_clip_3,emostim_06_TheChamp_clip_3_q04,evidence_cue,When does the young boy's face contort in distress while crying over an injured hand?,"[35.0, 45.0]","s008,s009","young boy is shown in a close-up, his face wet with tears; He is looking down at his hands, which are covered in a red substance resembling blood; his face contorted in distress as he cries; holding a hand that has a visible wound with blood on it; his face contorted in distress as he cries","A child's voice is heard shouting urgently, followed by a loud, sustained electronic tone.; sound of a child crying, with audible sobs and whimpers; The crying is the dominant sound, indicating a state of distress","[s008] Visual: A young boy with blonde hair is shown in a close-up, his face wet with tears. He is looking down at his hands, which are covered in a red substance resembling blood. His expression is one of distress and he appears to be crying. | Audio: A child's voice is heard shouting urgently, followed by a loud, sustained electronic tone.
[s009] Visual: A young boy with blonde hair is shown in a close-up, his face contorted in distress as he cries. He is holding a hand that has a visible wound with blood on it. The background is dark, focusing all attention on the boy and the injured hand. | Audio: The audio contains the sound of a child crying, with audible sobs and whimpers. The crying is the dominant sound, indicating a state of distress."
meld_01_dia337,meld_01_dia337_q04,evidence_cue,When does the man in the pink shirt look up and to his left with a surprised expression?,"[65.0, 67.9]",s014,looks up and to his left with a surprised expression,,"[s014] Visual: The man in the pink plaid shirt looks at his watch and then at the man in the blue plaid shirt, who is turned towards him. The man in the pink shirt then looks up and to his left with a surprised expression. The man in the blue shirt is mostly seen from the back and side. | Audio: A male voice speaks, followed by a short, high-pitched electronic beep."
meld_02_dia224,meld_02_dia224_q05,emotion_state,When does the man in the red t-shirt appear surprised?,"[25.0, 30.0]",s006,"A man in a red t-shirt sits on a brown couch, looking down with a surprised expression.","The audio contains the sound of a crowd laughing, followed by upbeat music.","[s006] Visual: A man in a red t-shirt sits on a brown couch, looking down with a surprised expression. Another man in a blue shirt is bent over, searching for something on the floor. The scene is set in a living room with a coffee table and other people in the background. | Audio: The audio contains the sound of a crowd laughing, followed by upbeat music."
meld_03_dia572,meld_03_dia572_q05,emotion_state,"When does the woman look concerned, indicating sadness?","[35.0, 40.0]",s008,woman looks at the man with a concerned expression; woman looking concerned,A woman sighs and then speaks in a concerned tone,"[s008] Visual: A woman with brown hair lies in a hospital bed, wearing a white gown and covered with a pink blanket. A man in a light-colored jacket stands beside her, gesturing with his hands as he speaks. The woman raises her hands to her head, then lowers them and looks at the man with a concerned expression. | Audio: A man speaks in a calm, reassuring tone. A woman sighs and then speaks in a concerned tone. The audio is clear and easy to understand."
meld_04_dia362,meld_04_dia362_q04,evidence_cue,"When does the woman show a pained expression, indicating disappointment?","[10.0, 20.0]","s003,s004",woman with her eyes closed and a pained expression; woman looks up at him with a pained expression,"loud, sustained electronic beep, likely from a medical monitor","[s003] Visual: A woman lies in a hospital bed, wearing a white gown, with her eyes closed and a pained expression. A man in a light-colored jacket leans over her, looking down with a concerned expression and placing his hand on her stomach. The scene is set in a hospital room with medical equipment visible in the background. | Audio: A man speaks in a calm, reassuring tone, followed by a loud, sustained electronic beep, likely from a medical monitor.
[s004] Visual: A man in a light-colored jacket leans over a woman lying in a hospital bed. The woman, wearing a white hospital gown, looks up at him with a pained expression. The man gently places his hand on her stomach as he speaks to her. | Audio: A man speaks in a concerned tone, followed by a loud, sustained electronic beep."
meld_06_dia823,meld_06_dia823_q05,emotion_state,At what point does the blonde woman appear engaged and happy while speaking and gesturing?,"[30.0, 40.0]","s007,s008",gestures with her right hand; Her expression is engaged; appears to be in the middle of a conversation; raises her right hand and gestures with an open palm; Her expression is neutral as she speaks,"The audio is clear and the tone is conversational; A man responds with a polite, slightly relieved tone.","[s007] Visual: A woman with long blonde hair, wearing a patterned blouse, stands in a room with a wooden cabinet behind her. She gestures with her right hand while speaking to someone off-screen. Her expression is engaged and she appears to be in the middle of a conversation. | Audio: A woman speaks, followed by a man's voice. The audio is clear and the tone is conversational.
[s008] Visual: A woman with long blonde hair, wearing a patterned blouse, stands and speaks. She gestures with her right hand. The scene then cuts to a man in a blue t-shirt and a woman in a white shirt and blue pants sitting on a couch, both looking towards the speaker with attentive expressions. | Audio: A woman speaks in a calm, conversational tone. A man responds with a polite, slightly relieved tone. The audio is clear and sounds like a scene from a television show."
meld_07_dia208,meld_07_dia208_q04,emotion_state,When does the woman with curly dark hair seem excited while gesturing towards the cake?,"[20.0, 25.0]",s005,pointing at a piece of cake on a white plate,speaks with an enthusiastic and persuasive tone,"[s005] Visual: The scene is set in a cozy living room with a brown couch. A woman with curly dark hair, wearing a blue long-sleeved shirt and jeans, sits on the left, pointing at a piece of cake on a white plate held by a man in a beige turtleneck sweater. A woman with long blonde hair, wearing a red long-sleeved shirt and dark pants, sits on the right, looking at the cake with a neutral expression. | Audio: A woman speaks with an enthusiastic and persuasive tone, urging someone to try the cake. The audio is clear and the speech is easily understandable."
moviechat_01_162,moviechat_01_162_q05,emotion_state,"When does the man with the bandaged hand look pensive and sad, holding it to his mouth?","[105.0, 110.0]",s022,"The man in the foreground has a bandaged hand and is holding it up to his mouth, while the man in the background looks forward.; The man in the foreground is looking to his right with a pensive expression.",A male voice speaks in Mandarin Chinese.; The tone is conversational and reflective.,"[s022] Visual: The scene is dark, likely inside a car at night. A man in a black shirt is in the foreground, looking to his right with a pensive expression. Another man is visible in the background, out of focus, with his hand near his face. | Audio: A male voice speaks in Mandarin Chinese. The tone is conversational and reflective."
moviechat_02_154,moviechat_02_154_q30,evidence_cue,"What moment shows a man with black hair looking down and to the left with a serious expression in a dimly lit room, while a calm voice speaks in Cantonese, contributing to a sense of fear?","[145.0, 150.0]",s030,"A man with short black hair, wearing a blue denim shirt over a dark t-shirt, is shown in a dimly lit room.; He is looking down and to his left, with a serious expression on his face.","A male voice speaks in a calm, questioning tone in what sounds like Cantonese.","[s030] Visual: A man with short black hair, wearing a blue denim shirt over a dark t-shirt, is shown in a dimly lit room. He is looking down and to his left, with a serious expression on his face. The background is dark and out of focus. | Audio: A male voice speaks in a calm, questioning tone in what sounds like Cantonese. The audio is clear and the speech is easily understandable."
moviechat_03_160,moviechat_03_160_q04,evidence_cue,"When does the man with the shaved head look up with surprise, as a man stands beside him in the darkness?","[215.0, 220.0]",s044,another man with a shaved head stands beside him in the darkness.; looking up with a surprised expression,"A loud, sustained, low-pitched electronic tone plays throughout the clip. A male voice shouts a single, high-pitched word.","[s044] Visual: In a dark, outdoor setting at night, a man in a dark jacket is seen from the side, holding a small, dark object up to his eye, as if looking through it. The scene cuts to a wider view of a dark road next to a body of water, where a black car with its red taillights on is parked, and a few indistinct figures are near it. The final shot shows a man in a dark jacket looking up with a surprised expression, while another man with a shaved head stands beside him in the darkness. | Audio: A loud, sustained, low-pitched electronic tone plays throughout the clip. A male voice shouts a single, high-pitched word."
moviechat_04_159,moviechat_04_159_q05,emotion_state,When do the two men on the balcony appear happy while smiling and talking?,"[260.0, 265.0]",s053,"man on the left, wearing a light-colored shirt, smiles and gestures with his hand; man on the right, in a dark suit, looks at him and smiles back","male voice speaks in Mandarin, followed by a short laugh","[s053] Visual: Two men stand on a balcony at night. The man on the left, wearing a light-colored shirt, smiles and gestures with his hand. The man on the right, in a dark suit, looks at him and smiles back. | Audio: A male voice speaks in Mandarin, followed by a short laugh."
moviechat_05_30,moviechat_05_30_q06,emotion_state,When do the group of people exhibit fear while running frantically through a corridor?,"[120.0, 125.0]",s025,"group of people in dark clothing are running frantically through a dimly lit, narrow corridor; people stumbling; debris falling from above","sound of a large vehicle, possibly a train or a bus, moving at high speed; screeching and crashing sounds; sounds of destruction and panic","[s025] Visual: A group of people in dark clothing are running frantically through a dimly lit, narrow corridor. The scene is chaotic, with debris falling from above and people stumbling as they try to escape. The camera follows the group from behind, capturing their hurried movements and the sense of urgency in their actions. | Audio: The audio is dominated by the sound of a large vehicle, possibly a train or a bus, moving at high speed. There are also sounds of screeching and crashing, suggesting a collision or derailment. The overall atmosphere is tense and chaotic, with the sounds of destruction and panic."
emostim_01_TheShining_clip_2,emostim_01_TheShining_clip_2_q009,explicit_event,"When does the man angrily break down a door with an axe, then speak with a wide smile, signaling intimidation?","[125.0, 135.0]","s026,s027","A man in a red jacket swings an axe at a wooden door, breaking a hole in it.; He then peers through the hole with a wide, unsettling smile.; A man with long hair and a beard peers through a hole in a wooden door, smiling widely.; He then uses a piece of wood to force the door open further, revealing a chain lock.","A loud crash is heard as the door breaks. The man then speaks in a calm, conversational tone.; A man's voice says, 'I'm home.' The sound of a door being forced open is heard.","[s026] Visual: A man in a red jacket swings an axe at a wooden door, breaking a hole in it. He then peers through the hole with a wide, unsettling smile. The scene is set in a hallway with floral wallpaper and a round mirror on the wall. | Audio: A loud crash is heard as the door breaks. The man then speaks in a calm, conversational tone.
[s027] Visual: A man with long hair and a beard peers through a hole in a wooden door, smiling widely. He then uses a piece of wood to force the door open further, revealing a chain lock. The man's hand is visible as he pushes the wood against the door. | Audio: A man's voice says, 'I'm home.' The sound of a door being forced open is heard."
emostim_02_WhenHarryMetSally_clip_1,emostim_02_WhenHarryMetSally_clip_1_q09,explicit_event,"When does the woman shout 'Yes!' repeatedly in an excited tone, throwing her head back?","[120.0, 125.0]",s025,She throws her head back and shakes her hair vigorously.,"A woman is shouting 'Yes!' repeatedly in a high-pitched, excited tone.","[s025] Visual: A woman with voluminous blonde hair, wearing a white collared shirt and a dark jacket, is shown in a close-up. She is in a restaurant setting, with a man in a blue shirt and a baseball cap visible behind her. She throws her head back and shakes her hair vigorously. | Audio: A woman is shouting 'Yes!' repeatedly in a high-pitched, excited tone."
emostim_05_TheSilenceOfTheLambs_b_clip_1,emostim_05_TheSilenceOfTheLambs_b_clip_1_q06,explicit_event,"When does a gloved hand manipulate a person's face covered in a pinkish substance, a disturbing act related to fear?","[95.0, 100.0]",s020,"woman with brown hair and a concerned expression looks down.; a close-up of a person's face, which appears to be covered in a pinkish substance.; A gloved hand is seen manipulating the person's face, followed by the appearance of a medical instrument near the mouth.","A male voice speaks, followed by the sound of a zipper being opened.","[s020] Visual: A woman with brown hair and a concerned expression looks down. The scene cuts to a close-up of a person's face, which appears to be covered in a pinkish substance. A gloved hand is seen manipulating the person's face, followed by the appearance of a medical instrument near the mouth. | Audio: A male voice speaks, followed by the sound of a zipper being opened."
emostim_06_TheChamp_clip_3,emostim_06_TheChamp_clip_3_q05,explicit_event,When does the young boy cry or shout while leaning over another person?,"[45.0, 50.0]",s010,"A young boy is shown in a close-up; He is leaning over another person, whose hands are visible in the foreground; The boy's face is contorted as he appears to be crying or shouting","A child's voice shouts loudly, followed by a long, sustained electronic tone.","[s010] Visual: A young boy with blonde hair, wearing a grey shirt, is shown in a close-up. He is leaning over another person, whose hands are visible in the foreground. The boy's face is contorted as he appears to be crying or shouting. | Audio: A child's voice shouts loudly, followed by a long, sustained electronic tone."
meld_02_dia224,meld_02_dia224_q06,explicit_event,"When does the woman in the white shirt enter the room with a bag and then place it on the floor, showing excitement?","[30.0, 35.0]",s007,"A woman in a white shirt and jeans enters a room carrying a black bag, then places it on the floor.",,"[s007] Visual: A woman in a white shirt and jeans enters a room carrying a black bag, then places it on the floor. She turns and speaks to a man sitting in an armchair, who is wearing a blue shirt and grey pants and has his hand on his head. The room has purple walls, a window, and various pieces of furniture. | Audio: A woman speaks, followed by a man speaking. The audio is clear and the voices are easily distinguishable."
meld_03_dia572,meld_03_dia572_q07,emotion_state,At what point does the woman appear angry while shouting?,"[45.0, 50.0]",s010,Her expression is one of distress or anger,"A woman is shouting angrily, her voice high-pitched and strained","[s010] Visual: A woman with dark, wavy hair is lying in a hospital bed, wearing a light-colored gown with a pattern. She is propped up on pillows, looking off to the side with her hands resting on her stomach. Her expression is one of distress and she appears to be speaking forcefully. | Audio: A woman is shouting angrily, her voice high-pitched and strained. The audio is clear and the shouting is the dominant sound."
meld_04_dia362,meld_04_dia362_q05,emotion_state,"When does the woman in the hospital gown appear sad, crying with a shaky voice?","[25.0, 30.0]",s006,"woman visibly distressed; woman in white lab coat stands beside the bed, holding the patient's hand","woman is speaking in a distressed and urgent tone, her voice shaky and pleading","[s006] Visual: A woman in a white hospital gown lies in a hospital bed, visibly distressed. A man in a light-colored shirt leans over her, looking concerned, while a woman in a white lab coat stands beside the bed, holding the patient's hand. The scene is set in a hospital room with medical equipment visible in the background. | Audio: A woman is speaking in a distressed and urgent tone, her voice shaky and pleading. The audio quality is clear, capturing the emotional intensity of her speech."
meld_07_dia208,meld_07_dia208_q06,evidence_cue,When does the woman in the red top exclaim in surprise and give a thumbs-up as the man leaves?,"[30.0, 35.0]",s007,gives a thumbs-up gesture as he leaves,woman's sarcastic response; woman exclaims in surprise,"[s007] Visual: A man in a beige turtleneck sweater sits on a couch between two women, one in a blue top and one in a red top. He gestures with his hands while speaking, then stands up and walks away. The woman in the red top gives a thumbs-up gesture as he leaves. | Audio: A man speaks, followed by a woman's sarcastic response. The man says goodbye, and the woman exclaims in surprise."
moviechat_01_162,moviechat_01_162_q06,emotion_state,When does the man with the bandaged hand appear serious and sad while holding it to his mouth?,"[115.0, 130.0]","s024,s025,s026","The man in the foreground has a bandaged hand and is holding it up to his mouth, while the man in the background looks forward.; The man in the foreground is looking forward with a serious expression.; The man in the foreground has his right hand wrapped in white bandages and is holding it up to his mouth.; The man in the foreground looks serious.; The man in the foreground has a white bandage wrapped around his right hand and is holding it up to his mouth.","A male voice speaks in Mandarin Chinese.; The tone is calm and conversational, as if in a quiet setting.; A male voice speaks in a calm, conversational tone.; A male voice speaks in a low, serious tone, asking a question.; The audio is clear and the speech is intelligible.","[s024] Visual: The scene is set inside a car at night. A man with dark hair, wearing a dark shirt, is in the foreground, looking forward with a serious expression. His right hand is raised to his mouth, holding a white, segmented object. In the background, another man with a shaved head is visible in the driver's seat, looking ahead. | Audio: A male voice speaks in Mandarin Chinese. The tone is calm and conversational, as if in a quiet setting.
[s025] Visual: Two men are inside a car. The man in the foreground, with dark hair, has his right hand wrapped in white bandages and is holding it up to his mouth. The man in the background, who is driving, turns his head to look at the man in the foreground. | Audio: A male voice speaks in a calm, conversational tone.
[s026] Visual: The scene is set inside a car. A man with dark hair, wearing a black shirt, is in the passenger seat. He has a white bandage wrapped around his right hand and is holding it up to his mouth. In the driver's seat, another man with a shaved head and a black shirt is looking forward, his expression serious. | Audio: A male voice speaks in a low, serious tone, asking a question. The audio is clear and the speech is intelligible."
moviechat_02_154,moviechat_02_154_q32,evidence_cue,"What moment shows a man with glasses looking down and then slightly up with a faint smile, as two men sit side-by-side looking forward, with a calm Cantonese conversation, suggesting a tense underlying fear?","[155.0, 160.0]",s032,"A man wearing glasses and a light-colored suit jacket is shown in a close-up, looking down and then slightly up with a faint smile.; The scene cuts to a wider shot showing two men sitting side-by-side in a dimly lit room; the man on the left wears a white shirt and tie, while the man on the right wears a blue denim shirt.; Both men are looking forward, with the man in the denim shirt's hands clasped in his lap.","A male voice speaks in a calm, conversational tone in what sounds like Cantonese.","[s032] Visual: A man wearing glasses and a light-colored suit jacket is shown in a close-up, looking down and then slightly up with a faint smile. The scene cuts to a wider shot showing two men sitting side-by-side in a dimly lit room; the man on the left wears a white shirt and tie, while the man on the right wears a blue denim shirt. Both men are looking forward, with the man in the denim shirt's hands clasped in his lap. | Audio: A male voice speaks in a calm, conversational tone in what sounds like Cantonese. The audio is clear and the speech is continuous throughout the clip."
moviechat_04_159,moviechat_04_159_q06,explicit_event,What moment shows the man on the balcony smiling and laughing while talking to another man?,"[260.0, 265.0]",s053,"man on the left, wearing a light-colored shirt, smiles and gestures with his hand; man on the right, in a dark suit, looks at him and smiles back","male voice speaks in Mandarin, followed by a short laugh","[s053] Visual: Two men stand on a balcony at night. The man on the left, wearing a light-colored shirt, smiles and gestures with his hand. The man on the right, in a dark suit, looks at him and smiles back. | Audio: A male voice speaks in Mandarin, followed by a short laugh."
moviechat_05_30,moviechat_05_30_q07,explicit_event,"When is a person seen falling from a great height amidst a dark, chaotic environment, accompanied by a loud, distorted scream?","[125.0, 130.0]",s026,"a person is seen falling from a great height, tumbling through the air amidst a dark, chaotic environment","loud, distorted scream; deep, rumbling sound","[s026] Visual: A person is seen falling from a great height, tumbling through the air amidst a dark, chaotic environment. The scene then cuts to a low-angle shot of a group of people walking down a long, dimly lit stone corridor with high ceilings and wooden railings. The group is moving forward together, with one person in the center appearing to lead the others. | Audio: A loud, distorted scream is heard, followed by a deep, rumbling sound that suggests a large object falling or collapsing."
emostim_01_TheShining_clip_2,emostim_01_TheShining_clip_2_q010,emotion_state,"When does the person appear to be in fear, struggling in deep snow with a siren-like tone audible?","[150.0, 155.0]",s031,"A person in a dark blue robe is lying face down in a deep pile of snow, struggling to move.; Their arms are outstretched, and they are pushing against the snow with their hands.","A loud, high-pitched, and sustained electronic tone, similar to a siren or alarm, is audible.","[s031] Visual: A person in a dark blue robe is lying face down in a deep pile of snow, struggling to move. Their arms are outstretched, and they are pushing against the snow with their hands. A dark wooden door with frosted glass panels is visible behind them. | Audio: A loud, high-pitched, and sustained electronic tone, similar to a siren or alarm, is audible."
emostim_02_WhenHarryMetSally_clip_1,emostim_02_WhenHarryMetSally_clip_1_q10,evidence_cue,When does the woman shout and laugh with excitement?,"[125.0, 130.0]",s026,her head tilted back and mouth open as if shouting or laughing.,"A woman is heard shouting and laughing, followed by a man speaking.","[s026] Visual: A woman with blonde hair is seen in a close-up, her head tilted back and mouth open as if shouting or laughing. The scene cuts to a man with dark hair and a beard, wearing a patterned sweater, who is looking off to the side with a neutral expression. The final shot shows an older woman with short, curly gray hair, wearing a dark vest, sitting at a table with a glass and a bottle in front of her, looking forward with a slight smile. | Audio: A woman is heard shouting and laughing, followed by a man speaking. The audio quality is clear."
emostim_05_TheSilenceOfTheLambs_b_clip_1,emostim_05_TheSilenceOfTheLambs_b_clip_1_q07,emotion_state,"When does the woman with brown hair and blue eyes look up with a concerned expression, displaying fear, while men also look up or to the side?","[115.0, 120.0]",s024,"woman with brown hair and blue eyes looks up with a concerned expression.; man in a white shirt and tie, wearing glasses, who also looks up with a serious expression.; another man in a dark suit and glasses, who looks to the side with a thoughtful expression.","A woman speaks with a concerned tone. A man speaks with a calm, thoughtful tone.","[s024] Visual: A woman with brown hair and blue eyes looks up with a concerned expression. The scene cuts to a man in a white shirt and tie, wearing glasses, who also looks up with a serious expression. The scene then cuts to another man in a dark suit and glasses, who looks to the side with a thoughtful expression. | Audio: A woman speaks with a concerned tone. A man speaks with a calm, thoughtful tone."
emostim_06_TheChamp_clip_3,emostim_06_TheChamp_clip_3_q06,emotion_state,"When does the man appear sad, covering his face with his hands?","[55.0, 65.0]","s012,s013","man is shown in a dimly lit room; He appears distressed, covering his face with his hands; man is sitting and holding his head in his hands","A child's voice is heard speaking, followed by a loud, jarring electronic buzzer sound.; A child's voice is heard speaking, followed by a loud, sustained electronic tone.","[s012] Visual: A man with light-colored hair, wearing a black shirt, is shown in a dimly lit room. He appears distressed, covering his face with his hands. A young boy with blonde hair, wearing a gray shirt, is visible in the background, looking on with a sad expression. | Audio: A child's voice is heard speaking, followed by a loud, jarring electronic buzzer sound.
[s013] Visual: A man with thinning hair, wearing a dark shirt, is sitting and holding his head in his hands. A young child with blonde hair, wearing a grey sweatshirt, runs up to him and puts their arms around his shoulders in a hug. The man remains in the same position, with his head down. | Audio: A child's voice is heard speaking, followed by a loud, sustained electronic tone."
meld_02_dia224,meld_02_dia224_q08,evidence_cue,"When does the woman in the white shirt smile and gesture with her hand, showing excitement?","[35.0, 37.16]",s008,"The woman in a white shirt stands in a living room, holding a black suitcase and gesturing with her other hand.; She is smiling and looking towards the man sitting on the couch","The woman speaks in a cheerful and excited tone, suggesting a trip to Las Vegas.","[s008] Visual: The woman in a white shirt stands in a living room, holding a black suitcase and gesturing with her other hand. She is smiling and looking towards the man sitting on the couch, who is holding his head with one hand. The room has purple walls, a large window, and various pieces of furniture and decorations. | Audio: The woman speaks in a cheerful and excited tone, suggesting a trip to Las Vegas. The audio is clear and the speech is easily understandable."
meld_03_dia572,meld_03_dia572_q08,evidence_cue,When does the woman shout angrily with a high-pitched and strained voice?,"[50.0, 51.81]",s011,Her expression is one of distress or anger,"A female voice is shouting angrily, using harsh language","[s011] Visual: A woman with dark, wavy hair is lying in a hospital bed, wearing a light-colored gown with a pattern. She is propped up on pillows, looking off to the side with her hands resting on her stomach. Her expression is one of distress or anger. | Audio: A female voice is shouting angrily, using harsh language."
meld_04_dia362,meld_04_dia362_q06,evidence_cue,"When does the woman speak in a distressed and urgent tone, showing sadness?","[25.0, 30.0]",s006,woman visibly distressed,"woman is speaking in a distressed and urgent tone, her voice shaky and pleading","[s006] Visual: A woman in a white hospital gown lies in a hospital bed, visibly distressed. A man in a light-colored shirt leans over her, looking concerned, while a woman in a white lab coat stands beside the bed, holding the patient's hand. The scene is set in a hospital room with medical equipment visible in the background. | Audio: A woman is speaking in a distressed and urgent tone, her voice shaky and pleading. The audio quality is clear, capturing the emotional intensity of her speech."
meld_07_dia208,meld_07_dia208_q07,emotion_state,"When does the man in the red plaid shirt seem disappointed, looking down with a pensive expression?","[35.0, 40.0]",s008,looking down and then up with a pensive expression,speaks with a tone of disbelief,"[s008] Visual: The scene is set in a cozy, festively decorated room, likely a living room or a bar, with a Christmas tree adorned with lights and ornaments in the background. A woman with dark hair, wearing a purple and white striped sweater, sits in a large armchair, holding a pink mug and gesturing with her right hand as she speaks. To her left, a man in a red plaid shirt sits at a small table with two blue mugs, looking down and then up with a pensive expression. | Audio: A woman speaks with a tone of disbelief, followed by a man's voice expressing sympathy. The audio is clear and the conversation is easily understood."
moviechat_01_162,moviechat_01_162_q07,emotion_state,"When does the man appear to be in pain and sadness, sweating and holding his bandaged hand to his face?","[135.0, 165.0]","s028,s029,s030,s031,s032,s033","He has a white bandage on his right hand, which he is holding up to his nose.; His eyes are wide and he is looking forward with a tense expression.; His face glistening with sweat.; He is looking forward with a pained expression, his face glistening with sweat.; His right hand is wrapped in white bandages.; The man in the foreground, with short hair and a black shirt, is speaking with a distressed expression.; The man in the foreground, with dark hair and a mustache, sits in the driver's seat of a car, his face glistening with sweat.; He holds his right hand, which is wrapped in a white bandage, up to his mouth and nose.; His eyes are wide and fixed forward, conveying a sense of intense focus or distress.; A man with dark hair and a mustache is shown in a close-up, his face contorted in pain as he holds his hand to his mouth.; The man inside appears to be in pain or discomfort.; The man in the foreground, wearing a black shirt, has sweat on his face and is looking forward with a tense expression.","A male voice speaks in a strained, questioning tone.; The audio quality is slightly muffled.; A male voice speaks in Mandarin.; followed by a loud, distorted electronic sound.; A male voice speaks in Mandarin with a strained and emotional tone, suggesting a tense or dramatic situation.; A male voice speaks a short phrase in a strained, urgent tone.; A man is speaking in a strained, pained voice, his words difficult to understand due to the heavy breathing and emotional distress.; The audio quality is somewhat muffled, making the speech unclear.; followed by a loud, distorted sound effect.","[s028] Visual: A man with dark hair and a black shirt is sitting in the driver's seat of a car. He has a white bandage on his right hand, which he is holding up to his nose. His eyes are wide and he is looking forward with a tense expression. | Audio: A male voice speaks in a strained, questioning tone. The audio quality is slightly muffled.
[s029] Visual: A man with short black hair, wearing a black shirt, is sitting in the driver's seat of a car. He is looking forward with a pained expression, his face glistening with sweat. In the background, another man with dark hair is visible in the passenger seat, holding his hand to his face. | Audio: A male voice speaks in Mandarin, followed by a loud, distorted electronic sound.
[s030] Visual: Two men are inside a car. The man in the foreground, with short hair and a black shirt, is speaking with a distressed expression. The man in the background, with longer dark hair, has his hand over his mouth and appears to be in pain or discomfort. | Audio: A male voice speaks in Mandarin with a strained and emotional tone, suggesting a tense or dramatic situation.
[s031] Visual: A man with dark hair and a mustache sits in the driver's seat of a car, his face glistening with sweat. He holds his right hand, which is wrapped in a white bandage, up to his mouth and nose. His eyes are wide and fixed forward, conveying a sense of intense focus or distress. | Audio: A male voice speaks a short phrase in a strained, urgent tone. The background is filled with the low, continuous rumble of a vehicle engine.
[s032] Visual: A man with dark hair and a mustache is shown in a close-up, his face contorted in pain as he holds his hand to his mouth. He is sitting in the passenger seat of a car, with another man visible in the background, also appearing distressed. The scene is dimly lit, suggesting it is nighttime. | Audio: A man is speaking in a strained, pained voice, his words difficult to understand due to the heavy breathing and emotional distress. The audio quality is somewhat muffled, making the speech unclear.
[s033] Visual: Two men are sitting in the front seats of a car. The man in the foreground, wearing a black shirt, has sweat on his face and is looking forward with a tense expression. The man in the background is out of focus and appears to be looking down. | Audio: A male voice speaks in Mandarin, followed by a loud, distorted sound effect."
moviechat_02_154,moviechat_02_154_q34,evidence_cue,"What moment shows the man with glasses looking down and then forward with a calm, low voice speaking, contributing to a fearful atmosphere?","[165.0, 170.0]",s034,A man wearing glasses and a light-colored suit jacket is shown in a close-up.; He is looking down and then slowly raises his head to look forward.,"A male voice speaks in a calm, low tone.","[s034] Visual: A man wearing glasses and a light-colored suit jacket is shown in a close-up. He is looking down and then slowly raises his head to look forward. The background is dark and out of focus. | Audio: A male voice speaks in a calm, low tone. The speech is clear and deliberate."
moviechat_04_159,moviechat_04_159_q07,emotion_state,When does the man in the light-colored suit look surprised while holding a small object?,"[385.0, 390.0]",s078,"looking surprised; raises his hand, holding a small object","male voice speaks in a calm, conversational tone","[s078] Visual: A man in a light-colored suit stands in a dimly lit room, looking surprised. He is flanked by two other men, one in a dark suit and another in a patterned shirt. The man in the light suit raises his hand, holding a small object, as the man in the dark suit turns to look at him. | Audio: A male voice speaks in a calm, conversational tone. The audio is clear and the speech is easily understandable."
moviechat_05_30,moviechat_05_30_q08,emotion_state,When does the person falling from a height appear to be in fear?,"[125.0, 130.0]",s026,"a person is seen falling from a great height, tumbling through the air amidst a dark, chaotic environment","loud, distorted scream; deep, rumbling sound","[s026] Visual: A person is seen falling from a great height, tumbling through the air amidst a dark, chaotic environment. The scene then cuts to a low-angle shot of a group of people walking down a long, dimly lit stone corridor with high ceilings and wooden railings. The group is moving forward together, with one person in the center appearing to lead the others. | Audio: A loud, distorted scream is heard, followed by a deep, rumbling sound that suggests a large object falling or collapsing."
emostim_01_TheShining_clip_2,emostim_01_TheShining_clip_2_q011,explicit_event,"When does the man walk down the hallway holding a small axe with a slight smile, appearing menacingly angry?","[155.0, 165.0]","s032,s033","A man with long hair and a mustache, wearing a red jacket over a plaid shirt, walks down a narrow hallway with yellow patterned wallpaper.; He is smiling and holding a small object in his right hand.; A man with long hair, wearing a red jacket over a plaid shirt and jeans, walks down a narrow hallway with yellowish wallpaper.; He is holding a small axe in his right hand and looks around with a slight smile.","A loud, high-pitched, and sustained electronic tone, similar to a siren or alarm, is audible throughout the clip.; A low, continuous hum or drone is audible throughout the clip.","[s032] Visual: A man with long hair and a mustache, wearing a red jacket over a plaid shirt, walks down a narrow hallway with yellow patterned wallpaper. He is smiling and holding a small object in his right hand. The hallway has a door on the left and a mirror on the wall. | Audio: A loud, high-pitched, and sustained electronic tone, similar to a siren or alarm, is audible throughout the clip.
[s033] Visual: A man with long hair, wearing a red jacket over a plaid shirt and jeans, walks down a narrow hallway with yellowish wallpaper. He is holding a small axe in his right hand and looks around with a slight smile. The hallway has a door with glass panes on the left and another door on the right. | Audio: A low, continuous hum or drone is audible throughout the clip."
emostim_02_WhenHarryMetSally_clip_1,emostim_02_WhenHarryMetSally_clip_1_q11,explicit_event,"When does the woman shout in a high-pitched, strained voice and groan loudly, showing frustration?","[130.0, 140.0]","s027,s028","A woman ... sits at a diner table and throws her head back in a dramatic, exaggerated manner.; She then brings her hands to her head and shakes it vigorously.","A woman is heard shouting in a high-pitched, strained voice, followed by a loud, sustained electronic buzzer sound.; The woman is audibly shouting in a high-pitched, strained voice, followed by a loud, guttural groan.","[s027] Visual: The scene is set in a diner. A woman with short, graying hair and glasses sits at a table, looking forward with a neutral expression. Next to her, a man with dark, curly hair and glasses, wearing a green turtleneck and a black jacket, sits with his mouth slightly open. An older man with gray hair, wearing a white collared shirt, stands in the background, looking forward with a stern expression. | Audio: A woman is heard shouting in a high-pitched, strained voice, followed by a loud, sustained electronic buzzer sound.
[s028] Visual: A woman with blonde hair, wearing a dark sweater, sits at a diner table and throws her head back in a dramatic, exaggerated manner. She then brings her hands to her head and shakes it vigorously. A man in a plaid shirt sits across from her, watching her with a neutral expression. | Audio: The woman is audibly shouting in a high-pitched, strained voice, followed by a loud, guttural groan."
emostim_05_TheSilenceOfTheLambs_b_clip_1,emostim_05_TheSilenceOfTheLambs_b_clip_1_q09,explicit_event,"When does a man hold a dark object with tweezers and look up seriously, in a moment possibly related to fear?","[145.0, 150.0]",s030,"man... holds a small, dark, oval-shaped object with tweezers.; He brings the object closer to the camera, then looks up with a serious expression.","A man speaks in a questioning tone, followed by a low, sustained musical note.","[s030] Visual: A man in a white shirt and glasses holds a small, dark, oval-shaped object with tweezers. He brings the object closer to the camera, then looks up with a serious expression. The background is a plain green wall. | Audio: A man speaks in a questioning tone, followed by a low, sustained musical note."
emostim_06_TheChamp_clip_3,emostim_06_TheChamp_clip_3_q08,explicit_event,"When does the person tightly hug another person, showing sadness?","[65.0, 70.0]",s014,"A person is seen from behind, hugging another person in a dark shirt; The person is holding the other person tightly, with their arms wrapped around their shoulders and back","A child's voice is heard speaking in a distressed tone, followed by a loud, sustained electronic buzzer sound.","[s014] Visual: A person with short, light-colored hair is seen from behind, hugging another person in a dark shirt. The person in the light-colored hair is holding the other person tightly, with their arms wrapped around their shoulders and back. The scene takes place in a dimly lit room with a plain wall in the background. | Audio: A child's voice is heard speaking in a distressed tone, followed by a loud, sustained electronic buzzer sound."
meld_04_dia362,meld_04_dia362_q07,emotion_state,When does the man express surprise?,"[40.0, 45.0]",s009,"man leans over her, looking concerned",man's voice expressing surprise,"[s009] Visual: A woman with brown hair lies in a hospital bed, wearing a white gown and covered with a pink blanket. A man in a light-colored shirt and tie leans over her, looking concerned. A woman in a white lab coat stands nearby, observing the scene. | Audio: A woman's voice speaks in a calm, matter-of-fact tone, followed by a man's voice expressing surprise. The audio is clear and easily understandable."
moviechat_01_162,moviechat_01_162_q08,evidence_cue,"When does the man inside the car look distressed and sad, sweating while being held?","[165.0, 170.0]",s034,"A man in a dark jacket is inside a car, looking distressed and sweating.; He is being held by another man in a dark shirt who is leaning into the car from the outside.; The man inside appears to be in pain or discomfort as the other man holds him.","A loud, sustained horn sound is heard, followed by a male voice speaking in a strained tone.","[s034] Visual: A man in a dark jacket is inside a car, looking distressed and sweating. He is being held by another man in a dark shirt who is leaning into the car from the outside. The man inside appears to be in pain or discomfort as the other man holds him. | Audio: A loud, sustained horn sound is heard, followed by a male voice speaking in a strained tone."
moviechat_02_154,moviechat_02_154_q36,evidence_cue,"What moment shows the man holding a gold wristwatch in his hands in a dimly lit room, with a calm, low-pitched voice speaking, creating an undercurrent of fear?","[175.0, 180.0]",s036,"A man with short hair and glasses, wearing a dark green collared shirt, is seen in profile.; He is sitting at a desk in a dimly lit room, holding a gold-colored wristwatch in his hands.","A man speaks in a calm, low-pitched voice.","[s036] Visual: A man with short hair and glasses, wearing a dark green collared shirt, is seen in profile. He is sitting at a desk in a dimly lit room, holding a gold-colored wristwatch in his hands. He looks at the watch and then places it down on the desk. | Audio: A man speaks in a calm, low-pitched voice. The audio is clear and the speech is easily understandable."
moviechat_04_159,moviechat_04_159_q08,evidence_cue,When does the man in the light-colored suit raise his hand while looking surprised?,"[385.0, 390.0]",s078,"looking surprised; raises his hand, holding a small object","male voice speaks in a calm, conversational tone","[s078] Visual: A man in a light-colored suit stands in a dimly lit room, looking surprised. He is flanked by two other men, one in a dark suit and another in a patterned shirt. The man in the light suit raises his hand, holding a small object, as the man in the dark suit turns to look at him. | Audio: A male voice speaks in a calm, conversational tone. The audio is clear and the speech is easily understandable."
